Time,Benz,Type,mean,sem,lower,upper
2021-10-27T02:48:10Z,1e-9,Background,6,2.3094010767585034,3.6905989232414966,8.309401076758503
2021-10-27T02:48:10Z,1e-9,Total,5.333333333333333,1.8559214542766742,3.4774118790566586,7.1892547876100075
2021-10-27T02:48:10Z,1e-9,Specific,-0.666666666666667,2.96273147243853,-3.629398139105197,2.296064805771863
2021-10-27T02:48:10Z,3.0000000000000004e-9,Background,9.333333333333334,1.2018504251546631,8.13148290817867,10.535183758487998
2021-10-27T02:48:10Z,3.0000000000000004e-9,Total,12,1,11,13
2021-10-27T02:48:10Z,3.0000000000000004e-9,Specific,2.666666666666666,1.563471919941143,1.103194746725523,4.23013858660781
2021-10-27T02:48:10Z,1e-8,Background,17,1,16,18
2021-10-27T02:48:10Z,1e-8,Total,26.333333333333332,3.38296385503074,22.95036947830259,29.716297188364074
2021-10-27T02:48:10Z,1e-8,Specific,9.333333333333332,3.527668414752788,5.805664918580544,12.861001748086121
2021-10-27T02:48:10Z,3.0000000000000004e-8,Background,44.333333333333336,3.38296385503074,40.9503694783026,47.716297188364074
2021-10-27T02:48:10Z,3.0000000000000004e-8,Total,58.666666666666664,3.2829526005987018,55.38371406606796,61.94961926726537
2021-10-27T02:48:10Z,3.0000000000000004e-8,Specific,14.333333333333329,4.714045207910316,9.619288125423012,19.047378541243646
2021-10-27T02:48:10Z,1.0000000000000001e-7,Background,106.33333333333333,2.3333333333333335,104,108.66666666666666
2021-10-27T02:48:10Z,1.0000000000000001e-7,Total,225,14.742229591663987,210.257770408336,239.742229591664
2021-10-27T02:48:10Z,1.0000000000000001e-7,Specific,118.66666666666667,14.925742118158741,103.74092454850793,133.5924087848254
2021-10-27T02:48:10Z,3.0000000000000004e-7,Background,385.3333333333333,7.535103036971544,377.7982302963618,392.86843637030483
2021-10-27T02:48:10Z,3.0000000000000004e-7,Total,692,17.349351572897476,674.6506484271025,709.3493515728975
2021-10-27T02:48:10Z,3.0000000000000004e-7,Specific,306.6666666666667,18.915014612148145,287.75165205451856,325.5816812788148
2021-10-27T02:48:10Z,1e-6,Background,1255,15.099668870541501,1239.9003311294584,1270.0996688705416
2021-10-27T02:48:10Z,1e-6,Total,2300,14.189197769195177,2285.8108022308047,2314.1891977691953
2021-10-27T02:48:10Z,1e-6,Specific,1045,20.72036035722674,1024.2796396427732,1065.7203603572268
2021-10-27T03:32:20Z,1e-9,Background,6.666666666666667,0.3333333333333333,6.333333333333334,7
2021-10-27T03:32:20Z,1e-9,Total,10.666666666666666,1.2018504251546631,9.464816241512002,11.86851709182133
2021-10-27T03:32:20Z,1e-9,Specific,3.999999999999999,1.247219128924647,2.752780871075352,5.247219128924646
2021-10-27T03:32:20Z,3.0000000000000004e-9,Background,9.333333333333334,1.4529663145135578,7.880367018819776,10.786299647846892
2021-10-27T03:32:20Z,3.0000000000000004e-9,Total,11.333333333333334,0.881917103688197,10.451416229645137,12.215250437021531
2021-10-27T03:32:20Z,3.0000000000000004e-9,Specific,2,1.699673171197595,0.300326828802405,3.699673171197595
2021-10-27T03:32:20Z,1e-8,Background,20.333333333333332,3.8441875315569325,16.4891458017764,24.177520864890266
2021-10-27T03:32:20Z,1e-8,Total,28,3.0550504633038935,24.944949536696107,31.055050463303893
2021-10-27T03:32:20Z,1e-8,Specific,7.666666666666668,4.910306620885413,2.756360045781255,12.57697328755208
2021-10-27T03:32:20Z,3.0000000000000004e-8,Background,41.666666666666664,3.1797973380564857,38.486869328610176,44.84646400472315
2021-10-27T03:32:20Z,3.0000000000000004e-8,Total,68.66666666666667,3.527668414752788,65.13899825191389,72.19433508141945
2021-10-27T03:32:20Z,3.0000000000000004e-8,Specific,27.000000000000007,4.749268949591669,22.250731050408337,31.749268949591677
2021-10-27T03:32:20Z,1.0000000000000001e-7,Background,137.66666666666666,6.76592771006148,130.90073895660518,144.43259437672813
2021-10-27T03:32:20Z,1.0000000000000001e-7,Total,209.33333333333334,7.796010375684334,201.537322957649,217.1293437090177
2021-10-27T03:32:20Z,1.0000000000000001e-7,Specific,71.66666666666669,10.322575044801349,61.34409162186534,81.98924171146804
2021-10-27T03:32:20Z,3.0000000000000004e-7,Background,401.3333333333333,8.110350040397627,393.2229832929357,409.44368337373095
2021-10-27T03:32:20Z,3.0000000000000004e-7,Total,647,22.516660498395407,624.4833395016046,669.5166604983954
2021-10-27T03:32:20Z,3.0000000000000004e-7,Specific,245.66666666666669,23.932776223785194,221.7338904428815,269.5994428904519
2021-10-27T03:32:20Z,1e-6,Background,1366,3.2145502536643185,1362.7854497463356,1369.2145502536644
2021-10-27T03:32:20Z,1e-6,Total,2137,24.41993720985649,2112.5800627901435,2161.4199372098565
2021-10-27T03:32:20Z,1e-6,Specific,771,24.63060426921489,746.3693957307851,795.6306042692149
2021-10-27T04:16:30Z,1e-9,Background,4.666666666666667,0.881917103688197,3.7847495629784698,5.548583770354864
2021-10-27T04:16:30Z,1e-9,Total,9.666666666666666,0.881917103688197,8.784749562978469,10.548583770354863
2021-10-27T04:16:30Z,1e-9,Specific,4.999999999999999,1.2472191289246473,3.752780871075352,6.247219128924646
2021-10-27T04:16:30Z,3.0000000000000004e-9,Background,10.333333333333334,1.8559214542766742,8.47741187905666,12.189254787610007
2021-10-27T04:16:30Z,3.0000000000000004e-9,Total,11.333333333333334,1.2018504251546631,10.13148290817867,12.535183758487998
2021-10-27T04:16:30Z,3.0000000000000004e-9,Specific,1,2.211083193570267,-1.2110831935702668,3.211083193570267
2021-10-27T04:16:30Z,1e-8,Background,17,2,15,19
2021-10-27T04:16:30Z,1e-8,Total,29,1,28,30
2021-10-27T04:16:30Z,1e-8,Specific,12,2.23606797749979,9.76393202250021,14.23606797749979
2021-10-27T04:16:30Z,3.0000000000000004e-8,Background,50,2.0816659994661326,47.91833400053387,52.08166599946613
2021-10-27T04:16:30Z,3.0000000000000004e-8,Total,71,2.6457513110645907,68.35424868893541,73.64575131106459
2021-10-27T04:16:30Z,3.0000000000000004e-8,Specific,21,3.366501646120693,17.633498353879308,24.366501646120692
2021-10-27T04:16:30Z,1.0000000000000001e-7,Background,138.33333333333334,1.763834207376394,136.56949912595695,140.09716754070973
2021-10-27T04:16:30Z,1.0000000000000001e-7,Total,226.33333333333334,15.430849332136944,210.9024840011964,241.7641826654703
2021-10-27T04:16:30Z,1.0000000000000001e-7,Specific,88,15.531330342962328,72.46866965703768,103.53133034296232
2021-10-27T04:16:30Z,3.0000000000000004e-7,Background,415.3333333333333,5.666666666666667,409.66666666666663,421
2021-10-27T04:16:30Z,3.0000000000000004e-7,Total,701.6666666666666,19.93600873907424,681.7306579275923,721.6026754057409
2021-10-27T04:16:30Z,3.0000000000000004e-7,Specific,286.3333333333333,20.72572207561308,265.60761125772024,307.0590554089464
2021-10-27T04:16:30Z,1e-6,Background,1418.3333333333333,37.81680990130065,1380.5165234320325,1456.150143234634
2021-10-27T04:16:30Z,1e-6,Total,2265.6666666666665,20.085926526910438,2245.580740139756,2285.752593193577
2021-10-27T04:16:30Z,1e-6,Specific,847.3333333333333,42.82003684673281,804.5132964866004,890.1533701800661
2021-10-27T05:00:40Z,1e-9,Background,9,0.5773502691896258,8.422649730810374,9.577350269189626
2021-10-27T05:00:40Z,1e-9,Total,8,0.5773502691896258,7.422649730810374,8.577350269189626
2021-10-27T05:00:40Z,1e-9,Specific,-1,0.8164965809277261,-1.8164965809277263,-0.18350341907227385
2021-10-27T05:00:40Z,3.0000000000000004e-9,Background,7.666666666666667,1.2018504251546631,6.464816241512004,8.86851709182133
2021-10-27T05:00:40Z,3.0000000000000004e-9,Total,11.333333333333334,1.2018504251546631,10.13148290817867,12.535183758487998
2021-10-27T05:00:40Z,3.0000000000000004e-9,Specific,3.666666666666667,1.699673171197595,1.966993495469072,5.3663398378642615
2021-10-27T05:00:40Z,1e-8,Background,15.333333333333334,2.4037008503093262,12.929632483024008,17.73703418364266
2021-10-27T05:00:40Z,1e-8,Total,25.333333333333332,2.3333333333333335,23,27.666666666666664
2021-10-27T05:00:40Z,1e-8,Specific,9.999999999999998,3.3499585403736307,6.650041459626367,13.34995854037363
2021-10-27T05:00:40Z,3.0000000000000004e-8,Background,42.333333333333336,3.8441875315569325,38.4891458017764,46.17752086489027
2021-10-27T05:00:40Z,3.0000000000000004e-8,Total,69.33333333333333,2.0275875100994067,67.30574582323392,71.36092084343274
2021-10-27T05:00:40Z,3.0000000000000004e-8,Specific,26.999999999999993,4.346134936801766,22.653865063198225,31.34613493680176
2021-10-27T05:00:40Z,1.0000000000000001e-7,Background,128,3.2145502536643185,124.78544974633569,131.21455025366433
2021-10-27T05:00:40Z,1.0000000000000001e-7,Total,233,5.567764362830022,227.43223563716998,238.56776436283002
2021-10-27T05:00:40Z,1.0000000000000001e-7,Specific,105,6.429100507328637,98.57089949267136,111.42910050732864
2021-10-27T05:00:40Z,3.0000000000000004e-7,Background,444,9.073771725877467,434.92622827412254,453.07377172587746
2021-10-27T05:00:40Z,3.0000000000000004e-7,Total,680,9.848857801796104,670.1511421982038,689.8488578017962
2021-10-27T05:00:40Z,3.0000000000000004e-7,Specific,236,13.391539617733779,222.60846038226623,249.39153961773377
2021-10-27T05:00:40Z,1e-6,Background,1498.6666666666667,43.513727080594286,1455.1529395860725,1542.180393747261
2021-10-27T05:00:40Z,1e-6,Total,2325.6666666666665,19.852231892437462,2305.814434774229,2345.518898559104
2021-10-27T05:00:40Z,1e-6,Specific,826.9999999999998,47.82839695782784,779.1716030421719,874.8283969578276
2021-10-27T05:44:48Z,1e-9,Background,6,1,5,7
2021-10-27T05:44:48Z,1e-9,Total,10,3.464101615137755,6.535898384862245,13.464101615137755
2021-10-27T05:44:48Z,1e-9,Specific,4,3.6055512754639896,0.39444872453601043,7.60555127546399
2021-10-27T05:44:48Z,3.0000000000000004e-9,Background,11.333333333333334,0.6666666666666666,10.666666666666668,12
2021-10-27T05:44:48Z,3.0000000000000004e-9,Total,10.333333333333334,3.1797973380564857,7.153535995276848,13.51313067138982
2021-10-27T05:44:48Z,3.0000000000000004e-9,Specific,-1,3.248931448269655,-4.248931448269655,2.248931448269655
2021-10-27T05:44:48Z,1e-8,Background,16.666666666666668,1.763834207376394,14.902832459290273,18.430500874043062
2021-10-27T05:44:48Z,1e-8,Total,33.333333333333336,6.641619615057093,26.691713718276244,39.97495294839043
2021-10-27T05:44:48Z,1e-8,Specific,16.666666666666668,6.8718427093627685,9.7948239573039,23.538509376029438
2021-10-27T05:44:48Z,3.0000000000000004e-8,Background,50.333333333333336,1.4529663145135578,48.880367018819776,51.786299647846896
2021-10-27T05:44:48Z,3.0000000000000004e-8,Total,77.66666666666667,3.4801021696368504,74.18656449702982,81.14676883630352
2021-10-27T05:44:48Z,3.0000000000000004e-8,Specific,27.333333333333336,3.771236166328254,23.56209716700508,31.10456949966159
2021-10-27T05:44:48Z,1.0000000000000001e-7,Background,152.33333333333334,8.353309390761112,143.98002394257225,160.68664272409444
2021-10-27T05:44:48Z,1.0000000000000001e-7,Total,245.66666666666666,6.173419725817378,239.49324694084928,251.84008639248404
2021-10-27T05:44:48Z,1.0000000000000001e-7,Specific,93.33333333333331,10.386957633921922,82.94637569941139,103.72029096725524
2021-10-27T05:44:48Z,3.0000000000000004e-7,Background,464,3.511884584284246,460.48811541571575,467.51188458428425
2021-10-27T05:44:48Z,3.0000000000000004e-7,Total,746,3.7859388972001824,742.2140611027999,749.7859388972001
2021-10-27T05:44:48Z,3.0000000000000004e-7,Specific,282,5.163977794943222,276.8360222050568,287.1639777949432
2021-10-27T05:44:48Z,1e-6,Background,1571.6666666666667,28.179977131131803,1543.4866895355349,1599.8466437977986
2021-10-27T05:44:48Z,1e-6,Total,2367.3333333333335,33.57743951590777,2333.7558938174257,2400.9107728492413
2021-10-27T05:44:48Z,1e-6,Specific,795.6666666666667,43.835551274685216,751.8311153919815,839.502217941352
2021-10-27T06:28:58Z,1e-9,Background,8.666666666666666,1.2018504251546631,7.464816241512003,9.86851709182133
2021-10-27T06:28:58Z,1e-9,Total,11.333333333333334,0.881917103688197,10.451416229645137,12.215250437021531
2021-10-27T06:28:58Z,1e-9,Specific,2.666666666666668,1.4907119849998598,1.175954681666808,4.157378651666527
2021-10-27T06:28:58Z,3.0000000000000004e-9,Background,12.666666666666666,1.763834207376394,10.902832459290272,14.43050087404306
2021-10-27T06:28:58Z,3.0000000000000004e-9,Total,10.666666666666666,1.8559214542766742,8.810745212389993,12.52258812094334
2021-10-27T06:28:58Z,3.0000000000000004e-9,Specific,-2,2.560381915956203,-4.560381915956203,0.5603819159562029
2021-10-27T06:28:58Z,1e-8,Background,17.333333333333332,1.8559214542766742,15.477411879056659,19.189254787610007
2021-10-27T06:28:58Z,1e-8,Total,29.333333333333332,2.3333333333333335,27,31.666666666666664
2021-10-27T06:28:58Z,1e-8,Specific,12,2.98142396999972,9.018576030000279,14.981423969999721
2021-10-27T06:28:58Z,3.0000000000000004e-8,Background,47.333333333333336,1.666666666666667,45.66666666666667,49
2021-10-27T06:28:58Z,3.0000000000000004e-8,Total,74.33333333333333,7.055336829505576,67.27799650382775,81.3886701628389
2021-10-27T06:28:58Z,3.0000000000000004e-8,Specific,26.999999999999993,7.2495210569771835,19.75047894302281,34.24952105697717
2021-10-27T06:28:58Z,1.0000000000000001e-7,Background,147,3.0550504633038935,143.9449495366961,150.0550504633039
2021-10-27T06:28:58Z,1.0000000000000001e-7,Total,236.33333333333334,4.8074017006186525,231.5259316327147,241.14073503395198
2021-10-27T06:28:58Z,1.0000000000000001e-7,Specific,89.33333333333334,5.6960024968783545,83.63733083645499,95.02933583021169
2021-10-27T06:28:58Z,3.0000000000000004e-7,Background,454.3333333333333,6.385748020222672,447.94758531311066,460.71908135355596
2021-10-27T06:28:58Z,3.0000000000000004e-7,Total,724.3333333333334,2.0275875100994067,722.305745823234,726.3609208434327
2021-10-27T06:28:58Z,3.0000000000000004e-7,Specific,270.00000000000006,6.6999170807472606,263.3000829192528,276.6999170807473
2021-10-27T06:28:58Z,1e-6,Background,1587.6666666666667,40.22575184022185,1547.440914826445,1627.8924185068886
2021-10-27T06:28:58Z,1e-6,Total,2393,52.918175831497955,2340.081824168502,2445.918175831498
2021-10-27T06:28:58Z,1e-6,Specific,805.3333333333333,66.47138064193075,738.8619526914025,871.804713975264
2021-10-27T07:13:08Z,1e-9,Background,5.666666666666667,1.3333333333333333,4.333333333333334,7
2021-10-27T07:13:08Z,1e-9,Total,8,0.5773502691896258,7.422649730810374,8.577350269189626
2021-10-27T07:13:08Z,1e-9,Specific,2.333333333333333,1.4529663145135578,0.8803670188197752,3.786299647846891
2021-10-27T07:13:08Z,3.0000000000000004e-9,Background,8,2.5166114784235836,5.483388521576416,10.516611478423584
2021-10-27T07:13:08Z,3.0000000000000004e-9,Total,9,0.5773502691896258,8.422649730810374,9.577350269189626
2021-10-27T07:13:08Z,3.0000000000000004e-9,Specific,1,2.5819888974716116,-1.5819888974716116,3.5819888974716116
2021-10-27T07:13:08Z,1e-8,Background,20,0.5773502691896258,19.422649730810374,20.577350269189626
2021-10-27T07:13:08Z,1e-8,Total,24,2.0816659994661326,21.918334000533868,26.081665999466132
2021-10-27T07:13:08Z,1e-8,Specific,4,2.160246899469287,1.839753100530713,6.160246899469287
2021-10-27T07:13:08Z,3.0000000000000004e-8,Background,46,3.0550504633038935,42.94494953669611,49.05505046330389
2021-10-27T07:13:08Z,3.0000000000000004e-8,Total,72.33333333333333,5.3644923131436935,66.96884102018963,77.69782564647703
2021-10-27T07:13:08Z,3.0000000000000004e-8,Specific,26.33333333333333,6.173419725817378,20.15991360751595,32.506753059150704
2021-10-27T07:13:08Z,1.0000000000000001e-7,Background,136,11.015141094572204,124.9848589054278,147.01514109457221
2021-10-27T07:13:08Z,1.0000000000000001e-7,Total,236.33333333333334,15.87800715175274,220.4553261815806,252.21134048508608
2021-10-27T07:13:08Z,1.0000000000000001e-7,Specific,100.33333333333334,19.324710720847662,81.00862261248568,119.658044054181
2021-10-27T07:13:08Z,3.0000000000000004e-7,Background,468,10.44030650891055,457.55969349108943,478.44030650891057
2021-10-27T07:13:08Z,3.0000000000000004e-7,Total,735,20.074859899884732,714.9251401001153,755.0748598998847
2021-10-27T07:13:08Z,3.0000000000000004e-7,Specific,267,22.62741699796952,244.37258300203047,289.62741699796953
2021-10-27T07:13:08Z,1e-6,Background,1628.6666666666667,55.84601845949072,1572.820648207176,1684.5126851261575
2021-10-27T07:13:08Z,1e-6,Total,2421.6666666666665,41.34945921989522,2380.317207446771,2463.016125886562
2021-10-27T07:13:08Z,1e-6,Specific,792.9999999999998,69.48780868293053,723.5121913170692,862.4878086829303
2021-10-27T07:57:18Z,1e-9,Background,11,1.5275252316519468,9.472474768348054,12.527525231651946
2021-10-27T07:57:18Z,1e-9,Total,9,0.5773502691896258,8.422649730810374,9.577350269189626
2021-10-27T07:57:18Z,1e-9,Specific,-2,1.6329931618554523,-3.6329931618554525,-0.3670068381445477
2021-10-27T07:57:18Z,3.0000000000000004e-9,Background,7.666666666666667,1.3333333333333333,6.333333333333334,9
2021-10-27T07:57:18Z,3.0000000000000004e-9,Total,13,1.1547005383792517,11.845299461620748,14.154700538379252
2021-10-27T07:57:18Z,3.0000000000000004e-9,Specific,5.333333333333333,1.7638342073763937,3.5694991259569395,7.0971675407097266
2021-10-27T07:57:18Z,1e-8,Background,23,0.5773502691896258,22.422649730810374,23.577350269189626
2021-10-27T07:57:18Z,1e-8,Total,30,4.509249752822894,25.490750247177104,34.509249752822896
2021-10-27T07:57:18Z,1e-8,Specific,7,4.546060565661952,2.4539394343380483,11.546060565661952
2021-10-27T07:57:18Z,3.0000000000000004e-8,Background,46,6.658328118479393,39.341671881520604,52.658328118479396
2021-10-27T07:57:18Z,3.0000000000000004e-8,Total,80.33333333333333,8.56997342145496,71.76335991187837,88.90330675478829
2021-10-27T07:57:18Z,3.0000000000000004e-8,Specific,34.33333333333333,10.85254706406647,23.480786269266858,45.1858803973998
2021-10-27T07:57:18Z,1.0000000000000001e-7,Background,156,2.0816659994661326,153.91833400053386,158.08166599946614
2021-10-27T07:57:18Z,1.0000000000000001e-7,Total,251.66666666666666,12.666666666666666,239,264.3333333333333
2021-10-27T07:57:18Z,1.0000000000000001e-7,Specific,95.66666666666666,12.836579675979802,82.83008699068685,108.50324634264646
2021-10-27T07:57:18Z,3.0000000000000004e-7,Background,464.6666666666667,15.37675012622773,449.289916540439,480.0434167928944
2021-10-27T07:57:18Z,3.0000000000000004e-7,Total,769.6666666666666,14.678025904202666,754.988640762464,784.3446925708693
2021-10-27T07:57:18Z,3.0000000000000004e-7,Specific,304.99999999999994,21.2576783513367,283.7423216486632,326.25767835133666
2021-10-27T07:57:18Z,1e-6,Background,1659.6666666666667,23.84906240877779,1635.817604257889,1683.5157290754446
2021-10-27T07:57:18Z,1e-6,Total,2487.6666666666665,32.415702642049546,2455.250964024617,2520.082369308716
2021-10-27T07:57:18Z,1e-6,Specific,827.9999999999998,40.243702060764186,787.7562979392355,868.243702060764
2021-10-27T08:41:28Z,1e-9,Background,9,1.5275252316519468,7.472474768348054,10.527525231651946
2021-10-27T08:41:28Z,1e-9,Total,9.333333333333334,2.6034165586355518,6.729916774697783,11.936749891968885
2021-10-27T08:41:28Z,1e-9,Specific,0.3333333333333339,3.0184617127124724,-2.6851283793791385,3.3517950460458064
2021-10-27T08:41:28Z,3.0000000000000004e-9,Background,7.666666666666667,2.185812841434,5.480853825232667,9.852479508100668
2021-10-27T08:41:28Z,3.0000000000000004e-9,Total,12,2.5166114784235836,9.483388521576416,14.516611478423584
2021-10-27T08:41:28Z,3.0000000000000004e-9,Specific,4.333333333333333,3.333333333333334,0.9999999999999991,7.666666666666667
2021-10-27T08:41:28Z,1e-8,Background,19,0.5773502691896258,18.422649730810374,19.577350269189626
2021-10-27T08:41:28Z,1e-8,Total,19,2.886751345948129,16.113248654051873,21.886751345948127
2021-10-27T08:41:28Z,1e-8,Specific,0,2.943920288775949,-2.943920288775949,2.943920288775949
2021-10-27T08:41:28Z,3.0000000000000004e-8,Background,47,1,46,48
2021-10-27T08:41:28Z,3.0000000000000004e-8,Total,74.66666666666667,2.0275875100994067,72.63907915656726,76.69425417676608
2021-10-27T08:41:28Z,3.0000000000000004e-8,Specific,27.66666666666667,2.2607766610417563,25.405890005624915,29.927443327708428
2021-10-27T08:41:28Z,1.0000000000000001e-7,Background,153.33333333333334,5.3644923131436935,147.96884102018964,158.69782564647704
2021-10-27T08:41:28Z,1.0000000000000001e-7,Total,256.6666666666667,19.717448561560335,236.94921810510635,276.384115228227
2021-10-27T08:41:28Z,1.0000000000000001e-7,Specific,103.33333333333334,20.434176165325468,82.89915716800787,123.76750949865881
2021-10-27T08:41:28Z,3.0000000000000004e-7,Background,473.6666666666667,10.397649306988148,463.2690173596785,484.06431597365486
2021-10-27T08:41:28Z,3.0000000000000004e-7,Total,740.6666666666666,19.547662548527665,721.119004118139,760.2143292151943
2021-10-27T08:41:28Z,3.0000000000000004e-7,Specific,266.99999999999994,22.140962540554153,244.8590374594458,289.1409625405541
2021-10-27T08:41:28Z,1e-6,Background,1666.6666666666667,53.759753637001644,1612.906913029665,1720.4264203036685
2021-10-27T08:41:28Z,1e-6,Total,2482,11.150485789118488,2470.8495142108814,2493.1504857891186
2021-10-27T08:41:28Z,1e-6,Specific,815.3333333333333,54.90395654635871,760.4293767869746,870.237289879692
2021-10-27T09:25:36Z,1e-9,Background,6.666666666666667,0.3333333333333333,6.333333333333334,7
2021-10-27T09:25:36Z,1e-9,Total,8,1,7,9
2021-10-27T09:25:36Z,1e-9,Specific,1.333333333333333,1.0540925533894598,0.2792407799438732,2.387425886722793
2021-10-27T09:25:36Z,3.0000000000000004e-9,Background,8.333333333333334,2.0275875100994067,6.305745823233927,10.36092084343274
2021-10-27T09:25:36Z,3.0000000000000004e-9,Total,13.333333333333334,2.185812841434,11.147520491899334,15.519146174767334
2021-10-27T09:25:36Z,3.0000000000000004e-9,Specific,5,2.98142396999972,2.01857603000028,7.98142396999972
2021-10-27T09:25:36Z,1e-8,Background,12,1.5275252316519468,10.472474768348054,13.527525231651946
2021-10-27T09:25:36Z,1e-8,Total,27,6.027713773341709,20.97228622665829,33.02771377334171
2021-10-27T09:25:36Z,1e-8,Specific,15,6.218252702059211,8.78174729794079,21.21825270205921
2021-10-27T09:25:36Z,3.0000000000000004e-8,Background,40.666666666666664,2.185812841434,38.480853825232664,42.852479508100664
2021-10-27T09:25:36Z,3.0000000000000004e-8,Total,71.33333333333333,3.527668414752788,67.80566491858055,74.86100174808611
2021-10-27T09:25:36Z,3.0000000000000004e-8,Specific,30.666666666666664,4.149966532662911,26.516700134003752,34.81663319932957
2021-10-27T09:25:36Z,1.0000000000000001e-7,Background,159.33333333333334,7.838650677536565,151.49468265579677,167.17198401086992
2021-10-27T09:25:36Z,1.0000000000000001e-7,Total,251.33333333333334,6.691619966628244,244.6417133667051,258.02495329996157
2021-10-27T09:25:36Z,1.0000000000000001e-7,Specific,92,10.306416555826871,81.69358344417313,102.30641655582687
2021-10-27T09:25:36Z,3.0000000000000004e-7,Background,475,11.015141094572204,463.9848589054278,486.0151410945722
2021-10-27T09:25:36Z,3.0000000000000004e-7,Total,773,14,759,787
2021-10-27T09:25:36Z,3.0000000000000004e-7,Specific,298,17.81385228784985,280.18614771215016,315.81385228784984
2021-10-27T09:25:36Z,1e-6,Background,1683.3333333333333,4.48454134902457,1678.8487919843087,1687.8178746823578
2021-10-27T09:25:36Z,1e-6,Total,2505.3333333333335,10.837178804672574,2494.496154528661,2516.170512138006
2021-10-27T09:25:36Z,1e-6,Specific,822.0000000000002,11.72840805717279,810.2715919428274,833.728408057173
2021-10-27T11:16:36Z,1e-9,Background,8.333333333333334,1.8559214542766742,6.4774118790566595,10.189254787610007
2021-10-27T11:16:36Z,1e-9,Total,6.333333333333333,1.4529663145135578,4.880367018819776,7.78629964784689
2021-10-27T11:16:36Z,1e-9,Specific,-2.000000000000001,2.3570226039551585,-4.357022603955159,0.3570226039551576
2021-10-27T11:16:36Z,3.0000000000000004e-9,Background,12,1.7320508075688774,10.267949192431123,13.732050807568877
2021-10-27T11:16:36Z,3.0000000000000004e-9,Total,11.666666666666666,1.4529663145135578,10.213700352153108,13.119632981180224
2021-10-27T11:16:36Z,3.0000000000000004e-9,Specific,-0.3333333333333339,2.2607766610417563,-2.5941099943750903,1.9274433277084224
2021-10-27T11:16:36Z,1e-8,Background,21.333333333333332,2.728450923957483,18.60488240937585,24.061784257290814
2021-10-27T11:16:36Z,1e-8,Total,33.333333333333336,2.96273147243853,30.370601860894805,36.29606480577186
2021-10-27T11:16:36Z,1e-8,Specific,12.000000000000004,4.0276819911981905,7.972318008801813,16.027681991198193
2021-10-27T11:16:36Z,3.0000000000000004e-8,Background,48,0.5773502691896258,47.42264973081038,48.57735026918962
2021-10-27T11:16:36Z,3.0000000000000004e-8,Total,78,3.511884584284246,74.48811541571575,81.51188458428425
2021-10-27T11:16:36Z,3.0000000000000004e-8,Specific,30,3.559026084010437,26.440973915989563,33.55902608401044
2021-10-27T11:16:36Z,1.0000000000000001e-7,Background,148,1,147,149
2021-10-27T11:16:36Z,1.0000000000000001e-7,Total,251.33333333333334,20.739120307069708,230.59421302626365,272.07245364040307
2021-10-27T11:16:36Z,1.0000000000000001e-7,Specific,103.33333333333334,20.763215336529917,82.57011799680342,124.09654866986327
2021-10-27T11:16:36Z,3.0000000000000004e-7,Background,491.3333333333333,24.456310251366848,466.87702308196646,515.7896435847001
2021-10-27T11:16:36Z,3.0000000000000004e-7,Total,786.6666666666666,9.492687243932096,777.1739794227345,796.1593539105987
2021-10-27T11:16:36Z,3.0000000000000004e-7,Specific,295.3333333333333,26.233989826601334,269.099343506732,321.56732315993463
2021-10-27T11:16:36Z,1e-6,Background,1748.3333333333333,28.33921507577638,1719.994118257557,1776.6725484091096
2021-10-27T11:16:36Z,1e-6,Total,2529.3333333333335,9.351173426070359,2519.982159907263,2538.684506759404
2021-10-27T11:16:36Z,1e-6,Specific,781.0000000000002,29.84217746002385,751.1578225399763,810.8421774600241
2021-10-27T12:00:46Z,1e-9,Background,7,1,6,8
2021-10-27T12:00:46Z,1e-9,Total,10.333333333333334,0.881917103688197,9.451416229645137,11.215250437021531
2021-10-27T12:00:46Z,1e-9,Specific,3.333333333333334,1.3333333333333333,2.000000000000001,4.666666666666667
2021-10-27T12:00:46Z,3.0000000000000004e-9,Background,12,1,11,13
2021-10-27T12:00:46Z,3.0000000000000004e-9,Total,17,2.6457513110645907,14.35424868893541,19.64575131106459
2021-10-27T12:00:46Z,3.0000000000000004e-9,Specific,5,2.82842712474619,2.17157287525381,7.82842712474619
2021-10-27T12:00:46Z,1e-8,Background,21.666666666666668,0.881917103688197,20.784749562978472,22.548583770354863
2021-10-27T12:00:46Z,1e-8,Total,27.333333333333332,6.009252125773315,21.324081207560017,33.342585459106644
2021-10-27T12:00:46Z,1e-8,Specific,5.666666666666664,6.073622386096199,-0.40695571942953457,11.740289052762863
2021-10-27T12:00:46Z,3.0000000000000004e-8,Background,44.333333333333336,2.0275875100994067,42.30574582323393,46.360920843432744
2021-10-27T12:00:46Z,3.0000000000000004e-8,Total,80,2.886751345948129,77.11324865405187,82.88675134594813
2021-10-27T12:00:46Z,3.0000000000000004e-8,Specific,35.666666666666664,3.527668414752788,32.138998251913875,39.19433508141945
2021-10-27T12:00:46Z,1.0000000000000001e-7,Background,156,7.549834435270751,148.45016556472925,163.54983443527075
2021-10-27T12:00:46Z,1.0000000000000001e-7,Total,248,2,246,250
2021-10-27T12:00:46Z,1.0000000000000001e-7,Specific,92,7.810249675906655,84.18975032409334,99.81024967590666
2021-10-27T12:00:46Z,3.0000000000000004e-7,Background,492,13.051181300301261,478.94881869969873,505.05118130030127
2021-10-27T12:00:46Z,3.0000000000000004e-7,Total,740.3333333333334,9.614803401237305,730.7185299320961,749.9481367345707
2021-10-27T12:00:46Z,3.0000000000000004e-7,Specific,248.33333333333337,16.210421887717104,232.12291144561627,264.54375522105045
2021-10-27T12:00:46Z,1e-6,Background,1719,52.93706955747865,1666.0629304425213,1771.9370695574787
2021-10-27T12:00:46Z,1e-6,Total,2542.3333333333335,23.72996230741025,2518.603371025923,2566.063295640744
2021-10-27T12:00:46Z,1e-6,Specific,823.3333333333335,58.01245077088577,765.3208825624478,881.3457841042192
2021-10-27T12:44:56Z,1e-9,Background,8.333333333333334,3.38296385503074,4.950369478302594,11.716297188364074
2021-10-27T12:44:56Z,1e-9,Total,7.666666666666667,1.8559214542766742,5.8107452123899925,9.522588120943341
2021-10-27T12:44:56Z,1e-9,Specific,-0.666666666666667,3.8586123009300755,-4.525278967596742,3.1919456342634085
2021-10-27T12:44:56Z,3.0000000000000004e-9,Background,11,1,10,12
2021-10-27T12:44:56Z,3.0000000000000004e-9,Total,15.666666666666666,2.3333333333333335,13.333333333333332,18
2021-10-27T12:44:56Z,3.0000000000000004e-9,Specific,4.666666666666666,2.5385910352879697,2.1280756313786964,7.205257701954636
2021-10-27T12:44:56Z,1e-8,Background,20.666666666666668,4.8419463487779835,15.824720317888683,25.508613015444652
2021-10-27T12:44:56Z,1e-8,Total,30.333333333333332,2.9059326290271157,27.427400704306216,33.23926596236045
2021-10-27T12:44:56Z,1e-8,Specific,9.666666666666664,5.647024782032472,4.019641884634193,15.313691448699135
2021-10-27T12:44:56Z,3.0000000000000004e-8,Background,56.333333333333336,4.702245326555294,51.63108800677804,61.03557865988863
2021-10-27T12:44:56Z,3.0000000000000004e-8,Total,79.66666666666667,0.3333333333333333,79.33333333333334,80
2021-10-27T12:44:56Z,3.0000000000000004e-8,Specific,23.333333333333336,4.714045207910316,18.61928812542302,28.047378541243653
2021-10-27T12:44:56Z,1.0000000000000001e-7,Background,156,1.1547005383792517,154.84529946162075,157.15470053837925
2021-10-27T12:44:56Z,1.0000000000000001e-7,Total,236.33333333333334,7.881060278357927,228.45227305497542,244.21439361169126
2021-10-27T12:44:56Z,1.0000000000000001e-7,Specific,80.33333333333334,7.965202096899015,72.36813123643432,88.29853543023236
2021-10-27T12:44:56Z,3.0000000000000004e-7,Background,504,3.511884584284246,500.48811541571575,507.51188458428425
2021-10-27T12:44:56Z,3.0000000000000004e-7,Total,747.3333333333334,14.666666666666668,732.6666666666667,762
2021-10-27T12:44:56Z,3.0000000000000004e-7,Specific,243.33333333333337,15.08126136781816,228.2520719655152,258.41459470115154
2021-10-27T12:44:56Z,1e-6,Background,1708.3333333333333,12.719189352225943,1695.6141439811074,1721.052522685559
2021-10-27T12:44:56Z,1e-6,Total,2563.6666666666665,36.88420318299481,2526.7824634836716,2600.5508698496615
2021-10-27T12:44:56Z,1e-6,Specific,855.3333333333333,39.01566636906542,816.3176669642678,894.3489997023987
2021-10-27T13:29:06Z,1e-9,Background,6.333333333333333,0.881917103688197,5.451416229645136,7.21525043702153
2021-10-27T13:29:06Z,1e-9,Total,6.333333333333333,0.6666666666666666,5.666666666666666,7
2021-10-27T13:29:06Z,1e-9,Specific,0,1.1055415967851334,-1.1055415967851334,1.1055415967851334
2021-10-27T13:29:06Z,3.0000000000000004e-9,Background,10.666666666666666,3.1797973380564857,7.48686932861018,13.846464004723153
2021-10-27T13:29:06Z,3.0000000000000004e-9,Total,9,1,8,10
2021-10-27T13:29:06Z,3.0000000000000004e-9,Specific,-1.666666666666666,3.3333333333333335,-5,1.6666666666666674
2021-10-27T13:29:06Z,1e-8,Background,23.333333333333332,4.910306620885412,18.42302671244792,28.243639954218743
2021-10-27T13:29:06Z,1e-8,Total,32,3.464101615137755,28.535898384862247,35.46410161513776
2021-10-27T13:29:06Z,1e-8,Specific,8.666666666666668,6.009252125773315,2.6574145408933525,14.675918792439983
2021-10-27T13:29:06Z,3.0000000000000004e-8,Background,51.333333333333336,2.3333333333333335,49,53.66666666666667
2021-10-27T13:29:06Z,3.0000000000000004e-8,Total,84.66666666666667,8.412952976082641,76.25371369058404,93.07961964274931
2021-10-27T13:29:06Z,3.0000000000000004e-8,Specific,33.333333333333336,8.73053390247253,24.602799430860806,42.063867235805866
2021-10-27T13:29:06Z,1.0000000000000001e-7,Background,160.66666666666666,1.666666666666667,159,162.33333333333331
2021-10-27T13:29:06Z,1.0000000000000001e-7,Total,249,4.725815626252609,244.2741843737474,253.7258156262526
2021-10-27T13:29:06Z,1.0000000000000001e-7,Specific,88.33333333333334,5.01109879279097,83.32223454054237,93.34443212612432
2021-10-27T13:29:06Z,3.0000000000000004e-7,Background,501.6666666666667,6.489307444643929,495.17735922202274,508.1559741113106
2021-10-27T13:29:06Z,3.0000000000000004e-7,Total,778,5.686240703077327,772.3137592969226,783.6862407030774
2021-10-27T13:29:06Z,3.0000000000000004e-7,Specific,276.3333333333333,8.628119403696523,267.7052139296368,284.96145273702984
2021-10-27T13:29:06Z,1e-6,Background,1714.6666666666667,19.641226483541647,1695.025440183125,1734.3078931502084
2021-10-27T13:29:06Z,1e-6,Total,2547,45.398237851264675,2501.6017621487354,2592.3982378512646
2021-10-27T13:29:06Z,1e-6,Specific,832.3333333333333,49.46491461407548,782.8684187192578,881.7982479474088
2021-10-27T14:13:16Z,1e-9,Background,6.666666666666667,0.3333333333333333,6.333333333333334,7
2021-10-27T14:13:16Z,1e-9,Total,6.666666666666667,0.6666666666666666,6,7.333333333333334
2021-10-27T14:13:16Z,1e-9,Specific,0,0.7453559924999299,-0.7453559924999299,0.7453559924999299
2021-10-27T14:13:16Z,3.0000000000000004e-9,Background,14,3.6055512754639896,10.39444872453601,17.605551275463988
2021-10-27T14:13:16Z,3.0000000000000004e-9,Total,13,1.7320508075688774,11.267949192431123,14.732050807568877
2021-10-27T14:13:16Z,3.0000000000000004e-9,Specific,-1,4,-5,3
2021-10-27T14:13:16Z,1e-8,Background,19.333333333333332,3.2829526005987018,16.05038073273463,22.616285933932033
2021-10-27T14:13:16Z,1e-8,Total,32.333333333333336,2.3333333333333335,30.000000000000004,34.66666666666667
2021-10-27T14:13:16Z,1e-8,Specific,13.000000000000004,4.027681991198191,8.972318008801812,17.027681991198193
2021-10-27T14:13:16Z,3.0000000000000004e-8,Background,52.333333333333336,2.185812841434,50.147520491899336,54.519146174767336
2021-10-27T14:13:16Z,3.0000000000000004e-8,Total,82,5.033222956847167,76.96677704315283,87.03322295684717
2021-10-27T14:13:16Z,3.0000000000000004e-8,Specific,29.666666666666664,5.4873592110514435,24.17930745561522,35.154025877718105
2021-10-27T14:13:16Z,1.0000000000000001e-7,Background,158.33333333333334,7.446102634562893,150.88723069877045,165.77943596789623
2021-10-27T14:13:16Z,1.0000000000000001e-7,Total,256.3333333333333,1.763834207376394,254.56949912595692,258.09716754070973
2021-10-27T14:13:16Z,1.0000000000000001e-7,Specific,97.99999999999997,7.652160188832665,90.3478398111673,105.65216018883264
2021-10-27T14:13:16Z,3.0000000000000004e-7,Background,513.3333333333334,23.946700074215748,489.3866332591176,537.2800334075491
2021-10-27T14:13:16Z,3.0000000000000004e-7,Total,799.6666666666666,20.18525314293691,779.4814135237298,819.8519198096035
2021-10-27T14:13:16Z,3.0000000000000004e-7,Specific,286.33333333333326,31.31914572412359,255.01418760920967,317.65247905745684
2021-10-27T14:13:16Z,1e-6,Background,1727.6666666666667,32.93596480714931,1694.7307018595175,1760.602631473816
2021-10-27T14:13:16Z,1e-6,Total,2605.6666666666665,62.32263722846709,2543.3440294381994,2667.9893038951336
2021-10-27T14:13:16Z,1e-6,Specific,877.9999999999998,70.49034606872696,807.5096539312729,948.4903460687267
2021-10-27T14:57:26Z,1e-9,Background,7.666666666666667,1.3333333333333333,6.333333333333334,9
2021-10-27T14:57:26Z,1e-9,Total,9.333333333333334,1.763834207376394,7.5694991259569395,11.097167540709728
2021-10-27T14:57:26Z,1e-9,Specific,1.666666666666667,2.211083193570267,-0.5444165269035999,3.877749860236934
2021-10-27T14:57:26Z,3.0000000000000004e-9,Background,11.333333333333334,2.9059326290271157,8.42740070430622,14.239265962360449
2021-10-27T14:57:26Z,3.0000000000000004e-9,Total,15,2.0816659994661326,12.918334000533868,17.081665999466132
2021-10-27T14:57:26Z,3.0000000000000004e-9,Specific,3.666666666666666,3.5746017649212027,0.09206490174546333,7.241268431587869
2021-10-27T14:57:26Z,1e-8,Background,25,3.6055512754639896,21.394448724536012,28.605551275463988
2021-10-27T14:57:26Z,1e-8,Total,28.666666666666668,3.8441875315569325,24.822479135109734,32.5108541982236
2021-10-27T14:57:26Z,1e-8,Specific,3.666666666666668,5.270462766947299,-1.603796100280631,8.937129433613967
2021-10-27T14:57:26Z,3.0000000000000004e-8,Background,50.666666666666664,4.333333333333334,46.33333333333333,55
2021-10-27T14:57:26Z,3.0000000000000004e-8,Total,81,4.163331998932265,76.83666800106774,85.16333199893226
2021-10-27T14:57:26Z,3.0000000000000004e-8,Specific,30.333333333333336,6.009252125773315,24.32408120756002,36.34258545910665
2021-10-27T14:57:26Z,1.0000000000000001e-7,Background,154.66666666666666,4.630814663149935,150.0358520035167,159.2974813298166
2021-10-27T14:57:26Z,1.0000000000000001e-7,Total,263,16.3707055437449,246.6292944562551,279.3707055437449
2021-10-27T14:57:26Z,1.0000000000000001e-7,Specific,108.33333333333334,17.01306687356646,91.32026645976688,125.3464002068998
2021-10-27T14:57:26Z,3.0000000000000004e-7,Background,505.6666666666667,4.666666666666667,501,510.33333333333337
2021-10-27T14:57:26Z,3.0000000000000004e-7,Total,780.6666666666666,33.02692504272503,747.6397416239416,813.6935917093916
2021-10-27T14:57:26Z,3.0000000000000004e-7,Specific,274.99999999999994,33.3549929629067,241.64500703709325,308.35499296290664
2021-10-27T14:57:26Z,1e-6,Background,1772.6666666666667,12.54768681647914,1760.1189798501875,1785.214353483146
2021-10-27T14:57:26Z,1e-6,Total,2573.6666666666665,34.119072541778024,2539.5475941248883,2607.7857392084447
2021-10-27T14:57:26Z,1e-6,Specific,800.9999999999998,36.3532055746884,764.6467944253113,837.3532055746882
2021-10-27T15:41:36Z,1e-9,Background,6.666666666666667,1.2018504251546631,5.464816241512004,7.86851709182133
2021-10-27T15:41:36Z,1e-9,Total,9.666666666666666,1.2018504251546631,8.464816241512002,10.86851709182133
2021-10-27T15:41:36Z,1e-9,Specific,2.999999999999999,1.699673171197595,1.3003268288024041,4.699673171197594
2021-10-27T15:41:36Z,3.0000000000000004e-9,Background,10.333333333333334,1.2018504251546631,9.13148290817867,11.535183758487998
2021-10-27T15:41:36Z,3.0000000000000004e-9,Total,14,3.0550504633038935,10.944949536696107,17.055050463303893
2021-10-27T15:41:36Z,3.0000000000000004e-9,Specific,3.666666666666666,3.2829526005987018,0.3837140660679643,6.949619267265367
2021-10-27T15:41:36Z,1e-8,Background,20,1,19,21
2021-10-27T15:41:36Z,1e-8,Total,35.666666666666664,7.2188026092359054,28.44786405743076,42.88546927590257
2021-10-27T15:41:36Z,1e-8,Specific,15.666666666666664,7.2877370363584815,8.378929630308182,22.954403703025147
2021-10-27T15:41:36Z,3.0000000000000004e-8,Background,50,3.511884584284246,46.488115415715754,53.511884584284246
2021-10-27T15:41:36Z,3.0000000000000004e-8,Total,80.33333333333333,2.9059326290271157,77.42740070430621,83.23926596236045
2021-10-27T15:41:36Z,3.0000000000000004e-8,Specific,30.33333333333333,4.558264777059114,25.775068556274213,34.891598110392444
2021-10-27T15:41:36Z,1.0000000000000001e-7,Background,161.66666666666666,11.215069227507149,150.4515974391595,172.8817358941738
2021-10-27T15:41:36Z,1.0000000000000001e-7,Total,253.33333333333334,8.83804905570857,244.49528427762476,262.1713823890419
2021-10-27T15:41:36Z,1.0000000000000001e-7,Specific,91.66666666666669,14.278966660402599,77.38770000626408,105.94563332706929
2021-10-27T15:41:36Z,3.0000000000000004e-7,Background,503.3333333333333,9.386751893552482,493.94658143978086,512.7200852268858
2021-10-27T15:41:36Z,3.0000000000000004e-7,Total,783,3.0550504633038935,779.9449495366961,786.0550504633039
2021-10-27T15:41:36Z,3.0000000000000004e-7,Specific,279.6666666666667,9.87139526330723,269.79527140335944,289.53806192997394
2021-10-27T15:41:36Z,1e-6,Background,1740.3333333333333,18.1138375589247,1722.2194957744086,1758.4471708922579
2021-10-27T15:41:36Z,1e-6,Total,2623.3333333333335,13.283239230114186,2610.050094103219,2636.616572563448
2021-10-27T15:41:36Z,1e-6,Specific,883.0000000000002,22.46231411844193,860.5376858815583,905.4623141184421
2021-10-27T16:25:46Z,1e-9,Background,6,1.1547005383792517,4.8452994616207485,7.1547005383792515
2021-10-27T16:25:46Z,1e-9,Total,7.333333333333333,1.763834207376394,5.5694991259569395,9.097167540709727
2021-10-27T16:25:46Z,1e-9,Specific,1.333333333333333,2.1081851067789197,-0.7748517734455866,3.4415184401122527
2021-10-27T16:25:46Z,3.0000000000000004e-9,Background,10,3.511884584284246,6.488115415715754,13.511884584284246
2021-10-27T16:25:46Z,3.0000000000000004e-9,Total,13.333333333333334,1.8559214542766742,11.47741187905666,15.189254787610007
2021-10-27T16:25:46Z,3.0000000000000004e-9,Specific,3.333333333333334,3.9721250959376615,-0.6387917626043276,7.305458429270995
2021-10-27T16:25:46Z,1e-8,Background,28,2.5166114784235836,25.483388521576416,30.516611478423584
2021-10-27T16:25:46Z,1e-8,Total,29,6.506407098647712,22.493592901352287,35.50640709864771
2021-10-27T16:25:46Z,1e-8,Specific,1,6.97614984548545,-5.97614984548545,7.97614984548545
2021-10-27T16:25:46Z,3.0000000000000004e-8,Background,47.666666666666664,1.4529663145135578,46.213700352153104,49.119632981180224
2021-10-27T16:25:46Z,3.0000000000000004e-8,Total,82.33333333333333,5.23874454850057,77.09458878483275,87.5720778818339
2021-10-27T16:25:46Z,3.0000000000000004e-8,Specific,34.666666666666664,5.436502143433363,29.230164523233302,40.10316881010003
2021-10-27T16:25:46Z,1.0000000000000001e-7,Background,163.66666666666666,7.125852775477317,156.54081389118934,170.79251944214397
2021-10-27T16:25:46Z,1.0000000000000001e-7,Total,267,15.373136743466942,251.62686325653306,282.37313674346694
2021-10-27T16:25:46Z,1.0000000000000001e-7,Specific,103.33333333333334,16.94435336951845,86.38897996381489,120.2776867028518
2021-10-27T16:25:46Z,3.0000000000000004e-7,Background,513.3333333333334,21.23152791905891,492.10180541427445,534.5648612523922
2021-10-27T16:25:46Z,3.0000000000000004e-7,Total,797,13.503086067019398,783.4969139329806,810.5030860670194
2021-10-27T16:25:46Z,3.0000000000000004e-7,Specific,283.66666666666663,25.161699289020827,258.5049673776458,308.82836595568745
2021-10-27T16:25:46Z,1e-6,Background,1785.6666666666667,5.174724898753342,1780.4919417679134,1790.84139156542
2021-10-27T16:25:46Z,1e-6,Total,2583.6666666666665,15.191371820141123,2568.4752948465252,2598.858038486808
2021-10-27T16:25:46Z,1e-6,Specific,797.9999999999998,16.0485374896143,781.9514625103855,814.0485374896141
2021-10-27T17:09:54Z,1e-9,Background,8.333333333333334,1.4529663145135578,6.880367018819776,9.786299647846892
2021-10-27T17:09:54Z,1e-9,Total,5.333333333333333,1.2018504251546631,4.13148290817867,6.535183758487996
2021-10-27T17:09:54Z,1e-9,Specific,-3.000000000000001,1.885618083164127,-4.885618083164128,-1.114381916835874
2021-10-27T17:09:54Z,3.0000000000000004e-9,Background,7.666666666666667,1.2018504251546631,6.464816241512004,8.86851709182133
2021-10-27T17:09:54Z,3.0000000000000004e-9,Total,13.333333333333334,2.4037008503093262,10.929632483024008,15.73703418364266
2021-10-27T17:09:54Z,3.0000000000000004e-9,Specific,5.666666666666667,2.68741924943285,2.979247417233817,8.354085916099518
2021-10-27T17:09:54Z,1e-8,Background,23.666666666666668,1.4529663145135578,22.21370035215311,25.119632981180224
2021-10-27T17:09:54Z,1e-8,Total,30,2.5166114784235836,27.483388521576416,32.516611478423584
2021-10-27T17:09:54Z,1e-8,Specific,6.333333333333332,2.905932629027116,3.427400704306216,9.239265962360449
2021-10-27T17:09:54Z,3.0000000000000004e-8,Background,49,5.000000000000001,44,54
2021-10-27T17:09:54Z,3.0000000000000004e-8,Total,73.66666666666667,2.96273147243853,70.70393519422814,76.6293981391052
2021-10-27T17:09:54Z,3.0000000000000004e-8,Specific,24.66666666666667,5.811865258054232,18.85480140861244,30.478531924720905
2021-10-27T17:09:54Z,1.0000000000000001e-7,Background,164.66666666666666,2.4037008503093262,162.26296581635734,167.07036751697598
2021-10-27T17:09:54Z,1.0000000000000001e-7,Total,252.33333333333334,4.255715111601235,248.0776182217321,256.5890484449346
2021-10-27T17:09:54Z,1.0000000000000001e-7,Specific,87.66666666666669,4.8876260995383936,82.77904056712829,92.55429276620508
2021-10-27T17:09:54Z,3.0000000000000004e-7,Background,503.6666666666667,12.414149633024048,491.2525170336426,516.0808162996907
2021-10-27T17:09:54Z,3.0000000000000004e-7,Total,792.3333333333334,8.110350040397627,784.2229832929357,800.443683373731
2021-10-27T17:09:54Z,3.0000000000000004e-7,Specific,288.6666666666667,14.828650946356817,273.83801572030984,303.49531761302353
2021-10-27T17:09:54Z,1e-6,Background,1779,28.307831660749528,1750.6921683392504,1807.3078316607496
2021-10-27T17:09:54Z,1e-6,Total,2600.3333333333335,5.840471822645077,2594.4928615106883,2606.1738051559787
2021-10-27T17:09:54Z,1e-6,Specific,821.3333333333335,28.90405584765648,792.429277485677,850.23738918099
2021-10-27T17:54:04Z,1e-9,Background,6.333333333333333,2.6034165586355518,3.7299167746977813,8.936749891968885
2021-10-27T17:54:04Z,1e-9,Total,10.333333333333334,0.881917103688197,9.451416229645137,11.215250437021531
2021-10-27T17:54:04Z,1e-9,Specific,4.000000000000001,2.748737083745107,1.2512629162548938,6.748737083745108
2021-10-27T17:54:04Z,3.0000000000000004e-9,Background,9,1.5275252316519468,7.472474768348054,10.527525231651946
2021-10-27T17:54:04Z,3.0000000000000004e-9,Total,12.333333333333334,1.763834207376394,10.56949912595694,14.097167540709728
2021-10-27T17:54:04Z,3.0000000000000004e-9,Specific,3.333333333333334,2.3333333333333335,1.0000000000000004,5.666666666666668
2021-10-27T17:54:04Z,1e-8,Background,19.333333333333332,3.8441875315569325,15.489145801776399,23.177520864890266
2021-10-27T17:54:04Z,1e-8,Total,27.333333333333332,2.3333333333333335,25,29.666666666666664
2021-10-27T17:54:04Z,1e-8,Specific,8,4.4969125210773475,3.5030874789226525,12.496912521077348
2021-10-27T17:54:04Z,3.0000000000000004e-8,Background,58.666666666666664,3.1797973380564857,55.486869328610176,61.84646400472315
2021-10-27T17:54:04Z,3.0000000000000004e-8,Total,69,1.5275252316519468,67.47247476834805,70.52752523165195
2021-10-27T17:54:04Z,3.0000000000000004e-8,Specific,10.333333333333336,3.527668414752788,6.805664918580548,13.861001748086125
2021-10-27T17:54:04Z,1.0000000000000001e-7,Background,160,6.244997998398399,153.7550020016016,166.2449979983984
2021-10-27T17:54:04Z,1.0000000000000001e-7,Total,257,20.207259421636902,236.7927405783631,277.2072594216369
2021-10-27T17:54:04Z,1.0000000000000001e-7,Specific,97,21.150256105620407,75.8497438943796,118.1502561056204
2021-10-27T17:54:04Z,3.0000000000000004e-7,Background,537,6.027713773341709,530.9722862266583,543.0277137733417
2021-10-27T17:54:04Z,3.0000000000000004e-7,Total,781.6666666666666,19.011692308798935,762.6549743578677,800.6783589754656
2021-10-27T17:54:04Z,3.0000000000000004e-7,Specific,244.66666666666663,19.94436706886879,224.72229959779784,264.61103373553544
2021-10-27T17:54:04Z,1e-6,Background,1816.3333333333333,40.37050628587382,1775.9628270474595,1856.703839619207
2021-10-27T17:54:04Z,1e-6,Total,2603.3333333333335,18.666666666666668,2584.666666666667,2622
2021-10-27T17:54:04Z,1e-6,Specific,787.0000000000002,44.47721014432248,742.5227898556777,831.4772101443227
2021-10-27T19:45:06Z,1e-9,Background,5.333333333333333,1.4529663145135578,3.880367018819775,6.78629964784689
2021-10-27T19:45:06Z,1e-9,Total,9.666666666666666,2.0275875100994067,7.639079156567259,11.694254176766073
2021-10-27T19:45:06Z,1e-9,Specific,4.333333333333333,2.4944382578492945,1.8388950754840385,6.8277715911826276
2021-10-27T19:45:06Z,3.0000000000000004e-9,Background,11,2,9,13
2021-10-27T19:45:06Z,3.0000000000000004e-9,Total,10.333333333333334,0.3333333333333333,10,10.666666666666668
2021-10-27T19:45:06Z,3.0000000000000004e-9,Specific,-0.6666666666666661,2.0275875100994067,-2.694254176766073,1.3609208434327407
2021-10-27T19:45:06Z,1e-8,Background,18.666666666666668,2.6034165586355518,16.063250108031117,21.27008322530222
2021-10-27T19:45:06Z,1e-8,Total,33.666666666666664,2.185812841434,31.480853825232664,35.852479508100664
2021-10-27T19:45:06Z,1e-8,Specific,14.999999999999996,3.39934634239519,11.600653657604806,18.399346342395187
2021-10-27T19:45:06Z,3.0000000000000004e-8,Background,50.333333333333336,4.176654695380556,46.15667863795278,54.50998802871389
2021-10-27T19:45:06Z,3.0000000000000004e-8,Total,70.66666666666667,2.9059326290271157,67.76073403763955,73.57259929569379
2021-10-27T19:45:06Z,3.0000000000000004e-8,Specific,20.333333333333336,5.08811250749125,15.245220825842086,25.421445840824585
2021-10-27T19:45:06Z,1.0000000000000001e-7,Background,171,3.0550504633038935,167.9449495366961,174.0550504633039
2021-10-27T19:45:06Z,1.0000000000000001e-7,Total,259.3333333333333,15.300689890038003,244.0326434432953,274.63402322337134
2021-10-27T19:45:06Z,1.0000000000000001e-7,Specific,88.33333333333331,15.602706317957935,72.73062701537538,103.93603965129125
2021-10-27T19:45:06Z,3.0000000000000004e-7,Background,524,8.504900548115382,515.4950994518846,532.5049005481154
2021-10-27T19:45:06Z,3.0000000000000004e-7,Total,816,12.165525060596439,803.8344749394035,828.1655250605965
2021-10-27T19:45:06Z,3.0000000000000004e-7,Specific,292,14.843629385474879,277.15637061452514,306.84362938547486
2021-10-27T19:45:06Z,1e-6,Background,1806,24.433583445741235,1781.5664165542587,1830.4335834457413
2021-10-27T19:45:06Z,1e-6,Total,2676,20.428737928059416,2655.5712620719405,2696.4287379280595
2021-10-27T19:45:06Z,1e-6,Specific,870,31.848600178553113,838.1513998214468,901.8486001785532
2021-10-27T20:29:16Z,1e-9,Background,5.333333333333333,0.6666666666666666,4.666666666666666,6
2021-10-27T20:29:16Z,1e-9,Total,7.666666666666667,1.4529663145135578,6.21370035215311,9.119632981180224
2021-10-27T20:29:16Z,1e-9,Specific,2.333333333333334,1.5986105077709065,0.7347228255624274,3.9319438411042404
2021-10-27T20:29:16Z,3.0000000000000004e-9,Background,13,1.5275252316519468,11.472474768348054,14.527525231651946
2021-10-27T20:29:16Z,3.0000000000000004e-9,Total,15.333333333333334,2.3333333333333335,13,17.666666666666668
2021-10-27T20:29:16Z,3.0000000000000004e-9,Specific,2.333333333333334,2.7888667551135855,-0.4555334217802516,5.122200088446919
2021-10-27T20:29:16Z,1e-8,Background,22.666666666666668,3.527668414752788,19.13899825191388,26.194335081419457
2021-10-27T20:29:16Z,1e-8,Total,30.666666666666668,2.9059326290271157,27.76073403763955,33.572599295693784
2021-10-27T20:29:16Z,1e-8,Specific,8,4.570436400267363,3.429563599732637,12.570436400267363
2021-10-27T20:29:16Z,3.0000000000000004e-8,Background,48.333333333333336,2.185812841434,46.147520491899336,50.519146174767336
2021-10-27T20:29:16Z,3.0000000000000004e-8,Total,89.33333333333333,5.487359211051443,83.84597412228189,94.82069254438477
2021-10-27T20:29:16Z,3.0000000000000004e-8,Specific,40.99999999999999,5.90668171555645,35.09331828444354,46.906681715556445
2021-10-27T20:29:16Z,1.0000000000000001e-7,Background,156,5.686240703077327,150.31375929692268,161.68624070307732
2021-10-27T20:29:16Z,1.0000000000000001e-7,Total,244.33333333333334,14.518187826921714,229.81514550641162,258.85152116025506
2021-10-27T20:29:16Z,1.0000000000000001e-7,Specific,88.33333333333334,15.592020751368668,72.74131258196468,103.92535408470201
2021-10-27T20:29:16Z,3.0000000000000004e-7,Background,527.6666666666666,10.89852181618121,516.7681448504854,538.5651884828478
2021-10-27T20:29:16Z,3.0000000000000004e-7,Total,798.3333333333334,8.353309390761112,789.9800239425723,806.6866427240944
2021-10-27T20:29:16Z,3.0000000000000004e-7,Specific,270.66666666666674,13.731553282697323,256.9351133839694,284.3982199493641
2021-10-27T20:29:16Z,1e-6,Background,1819.3333333333333,21.26290457842275,1798.0704287549106,1840.596237911756
2021-10-27T20:29:16Z,1e-6,Total,2683.3333333333335,5.6960024968783545,2677.637330836455,2689.029335830212
2021-10-27T20:29:16Z,1e-6,Specific,864.0000000000002,22.01262264146541,841.9873773585348,886.0126226414657
2021-10-27T21:13:26Z,1e-9,Background,6,2.0816659994661326,3.9183340005338674,8.081665999466132
2021-10-27T21:13:26Z,1e-9,Total,9,1.5275252316519468,7.472474768348054,10.527525231651946
2021-10-27T21:13:26Z,1e-9,Specific,3,2.5819888974716116,0.41801110252838836,5.581988897471612
2021-10-27T21:13:26Z,3.0000000000000004e-9,Background,11.333333333333334,1.8559214542766742,9.47741187905666,13.189254787610007
2021-10-27T21:13:26Z,3.0000000000000004e-9,Total,17,2.5166114784235836,14.483388521576416,19.516611478423584
2021-10-27T21:13:26Z,3.0000000000000004e-9,Specific,5.666666666666666,3.126943839882287,2.539722826784379,8.793610506548953
2021-10-27T21:13:26Z,1e-8,Background,18.666666666666668,2.728450923957483,15.938215742709184,21.39511759062415
2021-10-27T21:13:26Z,1e-8,Total,28,3.6055512754639896,24.394448724536012,31.605551275463988
2021-10-27T21:13:26Z,1e-8,Specific,9.333333333333332,4.521553322083513,4.8117800112498195,13.854886655416845
2021-10-27T21:13:26Z,3.0000000000000004e-8,Background,54.333333333333336,1.2018504251546631,53.131482908178675,55.535183758487996
2021-10-27T21:13:26Z,3.0000000000000004e-8,Total,75,3.0550504633038935,71.9449495366961,78.0550504633039
2021-10-27T21:13:26Z,3.0000000000000004e-8,Specific,20.666666666666664,3.2829526005987018,17.383714066067963,23.949619267265366
2021-10-27T21:13:26Z,1.0000000000000001e-7,Background,174.66666666666666,3.9299420408505323,170.73672462581612,178.5966087075172
2021-10-27T21:13:26Z,1.0000000000000001e-7,Total,247.66666666666666,6.227180564089802,241.43948610257686,253.89384723075645
2021-10-27T21:13:26Z,1.0000000000000001e-7,Specific,73,7.363574011458175,65.63642598854183,80.36357401145817
2021-10-27T21:13:26Z,3.0000000000000004e-7,Background,535.6666666666666,12.771496040445344,522.8951706262213,548.4381627071119
2021-10-27T21:13:26Z,3.0000000000000004e-7,Total,803.3333333333334,7.859884081701065,795.4734492516324,811.1932174150344
2021-10-27T21:13:26Z,3.0000000000000004e-7,Specific,267.66666666666674,14.996295838935989,252.67037082773075,282.6629625056027
2021-10-27T21:13:26Z,1e-6,Background,1829,33.77869150810908,1795.221308491891,1862.778691508109
2021-10-27T21:13:26Z,1e-6,Total,2660,25.106440076867397,2634.8935599231327,2685.1064400768673
2021-10-27T21:13:26Z,1e-6,Specific,831,42.08721104246911,788.9127889575309,873.0872110424691
2021-10-27T21:57:36Z,1e-9,Background,7,0.5773502691896258,6.422649730810374,7.577350269189626
2021-10-27T21:57:36Z,1e-9,Total,9,2,7,11
2021-10-27T21:57:36Z,1e-9,Specific,2,2.0816659994661326,-0.08166599946613262,4.081665999466132
2021-10-27T21:57:36Z,3.0000000000000004e-9,Background,11.333333333333334,1.4529663145135578,9.880367018819776,12.786299647846892
2021-10-27T21:57:36Z,3.0000000000000004e-9,Total,15,1.7320508075688774,13.267949192431123,16.73205080756888
2021-10-27T21:57:36Z,3.0000000000000004e-9,Specific,3.666666666666666,2.2607766610417563,1.4058900056249097,5.927443327708422
2021-10-27T21:57:36Z,1e-8,Background,24.333333333333332,0.881917103688197,23.451416229645137,25.215250437021528
2021-10-27T21:57:36Z,1e-8,Total,31.666666666666668,3.38296385503074,28.283702811635926,35.04963052169741
2021-10-27T21:57:36Z,1e-8,Specific,7.333333333333336,3.4960294939005054,3.8373038394328303,10.82936282723384
2021-10-27T21:57:36Z,3.0000000000000004e-8,Background,49.333333333333336,1.2018504251546631,48.131482908178675,50.535183758487996
2021-10-27T21:57:36Z,3.0000000000000004e-8,Total,85.33333333333333,5.333333333333333,80,90.66666666666666
2021-10-27T21:57:36Z,3.0000000000000004e-8,Specific,35.99999999999999,5.467073155618909,30.532926844381084,41.467073155618905
2021-10-27T21:57:36Z,1.0000000000000001e-7,Background,162.66666666666666,13.042665031009236,149.6240016356574,175.7093316976759
2021-10-27T21:57:36Z,1.0000000000000001e-7,Total,265.6666666666667,2.96273147243853,262.70393519422817,268.6293981391052
2021-10-27T21:57:36Z,1.0000000000000001e-7,Specific,103.00000000000003,13.374935098492587,89.62506490150744,116.37493509849261
2021-10-27T21:57:36Z,3.0000000000000004e-7,Background,529.6666666666666,17.29482902809713,512.3718376385694,546.9614956947638
2021-10-27T21:57:36Z,3.0000000000000004e-7,Total,801.6666666666666,3.1797973380564857,798.4868693286102,804.8464640047231
2021-10-27T21:57:36Z,3.0000000000000004e-7,Specific,272,17.584715585479973,254.41528441452002,289.58471558547996
2021-10-27T21:57:36Z,1e-6,Background,1824,15.099668870541501,1808.9003311294584,1839.0996688705416
2021-10-27T21:57:36Z,1e-6,Total,2701.3333333333335,35.84379692189121,2665.4895364114423,2737.1771302552247
2021-10-27T21:57:36Z,1e-6,Specific,877.3333333333335,38.89444404767573,838.4388892856578,916.2277773810092
